wavelength_micron,order,depth,uncertainty,scarlet_plus_offset,residual_ppm,standardized_residual
0.6036,2,0.0205428,0.00015865,0.020870978506262364,-328.1785062623638,-2.06856921690743
0.6102,2,0.0203914,0.0001496,0.02086479416172505,-473.39416172504855,-3.1643994767717145
0.6168,2,0.020755700000000002,0.0001285,0.02089455730191955,-138.85730191954755,-1.0806015713583468
0.6235,2,0.0206882,0.00011995,0.020929827211806726,-241.62721180672614,-2.014399431485837
0.6302,2,0.020668,0.0001051,0.020903234434972287,-235.2344349722882,-2.238196336558403
0.6369,2,0.0204954,9.54e-05,0.02089298788407809,-397.5878840780898,-4.167587883418133
0.6436,2,0.0206578,7.99e-05,0.020870929506530658,-213.1295065306571,-2.667453148068299
0.6504,2,0.0206332,7.365e-05,0.02084955991048768,-216.3599104876776,-2.937676992364937
0.6572,2,0.02066,7.365e-05,0.020843214316399704,-183.21431639970257,-2.4876349816660226
0.6643,2,0.0205537,6.285e-05,0.020862710841052606,-309.01084105260446,-4.916640271322267
0.6716,2,0.020566099999999997,6.355e-05,0.020900446785957233,-334.346785957236,-5.261161069350686
0.6789,2,0.0206367,6.295e-05,0.020904585060979818,-267.88506097981735,-4.255521222872397
0.6863,2,0.020765099999999998,6.259999999999999e-05,0.02089487572087958,-129.77572087958038,-2.0730945827409006
0.6937,2,0.020839200000000002,5.6399999999999995e-05,0.02085709859706953,-17.898597069528066,-0.317351011871065
0.7012,2,0.0207584,5.48e-05,0.020811195087785863,-52.795087785863224,-0.9634140106909348
0.7086,2,0.020629900000000003,5.385e-05,0.02084584908611192,-215.94908611191622,-4.010196585179503
0.7161,2,0.020587400000000002,5.8200000000000005e-05,0.020888003260875546,-300.60326087554336,-5.165004482397652
0.7237,2,0.0206408,5.22e-05,0.020837301142274067,-196.50114227406576,-3.764389698736892
0.7312,2,0.020611599999999997,5.19e-05,0.020773011609379683,-161.41160937968579,-3.1100502770652367
0.739,2,0.0207065,5.31e-05,0.020718961294699075,-12.461294699075975,-0.23467598303344586
0.7471,2,0.0206721,5.18e-05,0.02069861422401269,-26.51422401269213,-0.511857606422628
0.7552,2,0.0207257,5.3549999999999994e-05,0.020690281936862343,35.418063137657164,0.6614017392653065
0.7633,2,0.0206548,5.5049999999999996e-05,0.020743580899095396,-88.78089909539547,-1.6127320453296181
0.7715,2,0.0206268,5.91e-05,0.02078211796744469,-155.3179674446889,-2.6280535946647867
0.7797,2,0.020606700000000002,5.76e-05,0.020751960931687543,-145.26093168754085,-2.5218911751309174
0.7879,2,0.0206703,5.8049999999999995e-05,0.020726976479144895,-56.67647914489593,-0.9763390033573804
0.7961,2,0.0205346,6.395000000000001e-05,0.020696438732319748,-161.83873231974746,-2.5307073075801005
0.8046,2,0.0206455,6.214999999999999e-05,0.02067176113269821,-26.261132698209703,-0.42254437165260994
0.8133,2,0.020630700000000002,6.725e-05,0.020663566268459315,-32.86626845931326,-0.48871774660688866
0.8221,2,0.020495799999999998,6.965e-05,0.0206641216405405,-168.32164054050165,-2.416678256145034
0.8309,2,0.0205112,6.994999999999999e-05,0.020659682319128594,-148.48231912859347,-2.122692196262952
0.8397,2,0.0206386,7.9e-05,0.020661144512855376,-22.544512855375565,-0.285373580447792
0.8486,2,0.0206213,7.745e-05,0.020690293932602192,-68.99393260219323,-0.8908190135854516
0.8553,1,0.020768599999999998,5.72e-05,0.020670087336922056,98.51266307794177,1.7222493545094715
0.865,1,0.0206731,5.325e-05,0.020640639220117354,32.460779882646094,0.6095921104722271
0.8748,1,0.020677099999999997,4.795e-05,0.02062615333414625,50.94666585374677,1.062495638242894
0.8846,1,0.0207395,4.96e-05,0.020627730879914378,111.76912008562314,2.253409679145628
0.8945,1,0.020649900000000002,4.76e-05,0.020659868409852653,-9.968409852650906,-0.2094203750556913
0.9043,1,0.020648,4.655e-05,0.02063050659746469,17.49340253531101,0.37579812105931276
0.9142,1,0.020729099999999997,4.575e-05,0.02063461112905773,94.48887094226643,2.0653305123992665
0.9241,1,0.0208232,4.705e-05,0.020623127910110468,200.07208988953238,4.2523292218816655
0.9344,1,0.020774400000000002,5.0350000000000004e-05,0.020718795215223407,55.60478477659517,1.104365139555018
0.9526,1,0.0207375,4.1e-05,0.020654637414684405,82.86258531559412,2.021038666234003
0.9635,1,0.0206941,4.2e-05,0.02062640286345208,67.69713654792078,1.6118365844743046
0.9745,1,0.020722599999999997,4.4099999999999995e-05,0.02060538141373477,117.21858626522614,2.65801782914345
0.9855,1,0.020684900000000003,4.005e-05,0.0205988044108167,86.09558918330416,2.14970260133094
0.9965,1,0.020631,4e-05,0.02058709934813342,43.90065186658104,1.097516296664526
1.0075,1,0.0206595,3.784999999999999e-05,0.020572915225148626,86.58477485137469,2.287576614303163
1.0185,1,0.0206449,4.14e-05,0.020570230609068166,74.66939093183494,1.8036084766143707
1.0296,1,0.0206381,3.725e-05,0.02057056377240301,67.53622759698985,1.8130530898520767
1.0407,1,0.0205628,3.755e-05,0.020559240608315283,3.559391684716112,0.09479072396048235
1.0518,1,0.020558299999999998,3.6649999999999996e-05,0.02055140047137099,6.899528629009804,0.18825453285156357
1.063,1,0.0205726,3.6049999999999995e-05,0.020545181863526395,27.418136473604527,0.7605585706963809
1.0746,1,0.0205697,3.39e-05,0.02054189610108686,27.803898913138227,0.8201740092371158
1.0891,1,0.0205937,4.025e-05,0.020537076371013756,56.62362898624374,1.4067982356830742
1.0986,1,0.0205961,4.365e-05,0.020548394353378373,47.70564662162635,1.0929128664748307
1.1205,1,0.0206231,3.3700000000000006e-05,0.020640837497565546,-17.7374975655481,-0.5263352393337714
1.1327,1,0.0205934,3.48e-05,0.020661081538508416,-67.68153850841493,-1.94487179621882
1.1449,1,0.020632,3.49e-05,0.02060431611603297,27.683883967032084,0.7932344976226958
1.1572,1,0.020551,3.095e-05,0.020620420931068365,-69.42093106836536,-2.243002619333291
1.1695,1,0.020506299999999998,3.309999999999999e-05,0.020574713061522476,-68.41306152247789,-2.066859864727429
1.1818,1,0.0205022,3.415e-05,0.020539225903421596,-37.02590342159404,-1.0842138630042177
1.1946,1,0.0204703,3.135e-05,0.020528244850760893,-57.94485076089303,-1.8483205984335895
1.2079,1,0.0204533,3.1950000000000004e-05,0.020520972244265065,-67.6722442650643,-2.118067113147552
1.2212,1,0.0204995,3.1549999999999994e-05,0.020518951293851916,-19.451293851915214,-0.6165227845298008
1.2346,1,0.0204903,3.35e-05,0.020513932122568194,-23.6321225681943,-0.7054364945729642
1.2479,1,0.0205075,3.09e-05,0.020516104364438077,-8.604364438075802,-0.27845839605423306
1.2613,1,0.0204746,3.0399999999999997e-05,0.020513475922707483,-38.87592270748405,-1.2788132469567124
1.2747,1,0.020497900000000003,3.045e-05,0.020514572392727873,-16.672392727869884,-0.5475334229185511
1.2882,1,0.0205247,3.275e-05,0.020518246627939423,6.453372060576807,0.1970495285672307
1.3021,1,0.020517,2.975e-05,0.020522970742353618,-5.970742353617053,-0.2006972219703211
1.3165,1,0.0204702,3.205e-05,0.02052767262408319,-57.47262408319076,-1.7932176000995557
1.3309,1,0.020608,3.2099999999999994e-05,0.020576869843688533,31.13015631146798,0.9697868009803111
1.3454,1,0.0207013,3.095e-05,0.02073387322750458,-32.573227504582164,-1.05244676913028
1.3599,1,0.0208595,3.2200000000000003e-05,0.02080975907066983,49.74092933016788,1.5447493580797478
1.3744,1,0.02087,3.115e-05,0.020829283840953696,40.716159046303574,1.3070998088700987
1.3889,1,0.0208558,3.23e-05,0.02079890194234012,56.89805765988002,1.7615497727517033
1.4034,1,0.020858599999999998,3.3350000000000004e-05,0.020832526985048054,26.073014951943918,0.7817995487839254
1.4184,1,0.0208119,3.265e-05,0.020823096443545297,-11.196443545295754,-0.34292323262774127
1.434,1,0.0208128,3.14e-05,0.02076765235397951,45.14764602048943,1.437823121671638
1.4495,1,0.0207274,3.175e-05,0.020725856938391112,1.5430616088878135,0.048600365634261844
1.4651,1,0.020686299999999998,2.99e-05,0.02068390833443996,2.391665560038531,0.07998881471700772
1.4806,1,0.0206381,3.235e-05,0.020662976730064685,-24.876730064685855,-0.7689870190011083
1.4962,1,0.020663900000000002,3.4200000000000005e-05,0.02062561745773892,38.282542261083854,1.1193725807334458
1.5123,1,0.020528900000000003,3.535e-05,0.020584932864827158,-56.03286482715533,-1.5850881139223574
1.5289,1,0.0205973,3.0850000000000004e-05,0.02057584061323051,21.459386769489413,0.6956041092216989
1.5455,1,0.0205383,3.135e-05,0.020566445873180475,-28.145873180476094,-0.8977949977823315
1.5621,1,0.0206474,3.284999999999999e-05,0.02056719670890549,80.20329109451052,2.441500489939438
1.5787,1,0.020525400000000003,3.6099999999999997e-05,0.02054779341741251,-22.393417412506363,-0.6203162718145807
1.5953,1,0.0205802,3.485e-05,0.02054332974426313,36.870255736870526,1.0579700354912633
1.612,1,0.0205577,3.775e-05,0.02053292556204602,24.77443795398035,0.6562765020921947
1.6291,1,0.0206117,3.3950000000000005e-05,0.020533921625893552,77.77837410644779,2.29096830946827
1.6468,1,0.020557799999999998,3.36e-05,0.020520278033392094,37.52196660790352,1.1167251966637954
1.6644,1,0.0206083,3.515e-05,0.020513533636108073,94.7663638919266,2.6960558717475562
1.682,1,0.0206192,3.6099999999999997e-05,0.0205078479973787,111.35200262130107,3.084543008900307
1.6997,1,0.020636400000000003,3.77e-05,0.02050833770444591,128.0622955540933,3.3968778661563213
1.7179,1,0.0206406,3.71e-05,0.020518541303134134,122.0586968658649,3.2899918292685957
1.7365,1,0.0206491,3.89e-05,0.020539837674823085,109.26232517691551,2.808800133082661
1.7552,1,0.0205937,4e-05,0.02054896102317527,44.73897682472777,1.1184744206181942
1.7717,1,0.0205842,4.6450000000000004e-05,0.020581039614825502,3.1603851744985145,0.06803843217434907
1.7964,1,0.020618599999999997,3.775e-05,0.02065130896456663,-32.70896456663424,-0.8664626375267349
1.8151,1,0.02074,4.25e-05,0.02067765238076766,62.34761923233981,1.467002805466819
1.8312,1,0.020745200000000002,5.2850000000000004e-05,0.020698784531442666,46.41546855733633,0.8782491685399494
1.8559,1,0.020781400000000002,4.3950000000000004e-05,0.02073717821843925,44.221781560750685,1.0061838807906867
1.8755,1,0.0207882,4.29e-05,0.020703190086764515,85.00991323548423,1.9815830591021966
1.8952,1,0.0206683,4.4149999999999996e-05,0.02064257654782593,25.72345217407082,0.582637648336825
1.9149,1,0.0206354,4.31e-05,0.02065932773822116,-23.92773822115779,-0.5551679401660741
1.935,1,0.020758099999999998,4.505e-05,0.020715877325872555,42.22267412744285,0.9372402691996193
1.9557,1,0.0207642,4.5849999999999996e-05,0.020644982674242186,119.21732575781441,2.6001597766153637
1.9763,1,0.020648299999999998,4.8700000000000005e-05,0.020617004058030047,31.295941969950587,0.6426271451735233
1.997,1,0.0206309,4.995e-05,0.020592742963287593,38.15703671240789,0.7639046388870447
2.0181,1,0.0205366,4.6599999999999994e-05,0.02057544706057794,-38.84706057794007,-0.8336279093978558
2.0397,1,0.0204809,4.825e-05,0.020527366637255053,-46.46663725505276,-0.9630391140943577
2.0614,1,0.0204602,5.1e-05,0.020518037517567186,-57.83751756718511,-1.1340689719055903
2.083,1,0.020542599999999998,5.155e-05,0.02050704179219897,35.55820780102789,0.689780946673674
2.1047,1,0.0204326,5.2600000000000005e-05,0.02049509931526688,-62.499315266882626,-1.18819991001678
2.1268,1,0.0203865,5.315e-05,0.02048367033460962,-97.17033460962185,-1.8282283087417095
2.1494,1,0.0204116,5.275e-05,0.02047186844626094,-60.26844626094013,-1.1425297869372537
2.172,1,0.020452900000000003,5.45e-05,0.02046094508876959,-8.045088769587094,-0.14761630769884576
2.1946,1,0.0203814,5.415e-05,0.02045855668073592,-77.15668073591739,-1.424869450340118
2.2178,1,0.0205196,5.8150000000000004e-05,0.020448145683058833,71.45431694116633,1.2287930686357063
2.2414,1,0.0203529,5.91e-05,0.02043260308811145,-79.7030881114491,-1.3486140120380559
2.265,1,0.0204184,6.125e-05,0.02042607370246106,-7.673702461061249,-0.1252849381397755
2.2886,1,0.0203478,6.705e-05,0.020426375120292266,-78.5751202922666,-1.1718884458205308
2.3123,1,0.0203596,6.645e-05,0.020480006444808737,-120.40644480873844,-1.811985625413671
2.3364,1,0.020511900000000003,6.61e-05,0.020488751236103445,23.148763896557732,0.3502082283896783
2.361,1,0.0205155,6.62e-05,0.02048740050221495,28.099497785049472,0.42446371276509776
2.3857,1,0.020535,7.175e-05,0.020470794398891382,64.20560110861895,0.8948515833953861
2.4103,1,0.020516299999999998,7.18e-05,0.020526239443715857,-9.93944371585967,-0.13843236373063608
2.4355,1,0.0204135,7.290000000000001e-05,0.02050986446181965,-96.36446181965006,-1.3218719042476
2.4611,1,0.020647099999999998,7.944999999999999e-05,0.020569892236527595,77.20776347240263,0.9717780172737902
2.4868,1,0.0206349,7.744999999999999e-05,0.020674453874671907,-39.55387467190555,-0.510702061612725
2.5126,1,0.0206406,7.815e-05,0.020741106029769904,-100.5060297699055,-1.2860656400499744
2.5388,1,0.020747099999999997,8.14e-05,0.02075749661290304,-10.39661290304361,-0.127722517236408
2.5656,1,0.0208033,8.4e-05,0.020854554002158,-51.25400215800005,-0.6101666923571435
2.5924,1,0.020676299999999998,8.615000000000001e-05,0.0207577060154292,-81.4060154292022,-0.9449334350458757
2.6192,1,0.0207185,8.895e-05,0.020739911973701765,-21.41197370176401,-0.2407192096881845
2.6466,1,0.0206063,9.384999999999999e-05,0.020683106823041728,-76.80682304172723,-0.818399819304499
2.6745,1,0.0209422,9.640000000000001e-05,0.020850848447554957,91.3515524450445,0.9476302120855238
2.7024,1,0.021050799999999998,9.4e-05,0.0209648360852293,85.9639147706981,0.9145097316031713
2.7305,1,0.0207175,9.755000000000001e-05,0.02080109736607017,-83.59736607017193,-0.856969411278031
2.7585,1,0.0209213,0.0001026,0.020745457214495378,175.84278550462213,1.713867305113276
2.7872,1,0.021113,0.00010465000000000001,0.02085324852868089,259.75147131911126,2.4820971936847704
